{
	"name": "QUARTZ_FIRED_TRIGGERS",
	"type": "TABLE",
	"columns":
		[
			{
				"name":"SCHED_NAME",
				"type":"VARCHAR",
				"length":"120",
				"nullable":"false",
				"primaryKey":"false"
			},
			{
				"name":"SCHED_TIME",
				"type":"BIGINT",
				"length":"0",
				"nullable":"false",
				"primaryKey":"false"
			},
			{
				"name":"ENTRY_ID",
				"type":"VARCHAR",
				"length":"95",
				"nullable":"false",
				"primaryKey":"false"
			},
			{
				"name":"TRIGGER_NAME",
				"type":"VARCHAR",
				"length":"200",
				"nullable":"false",
				"primaryKey":"false"
			},
			{
				"name":"TRIGGER_GROUP",
				"type":"VARCHAR",
				"length":"200",
				"nullable":"false",
				"primaryKey":"false"
			},
			{
				"name":"INSTANCE_NAME",
				"type":"VARCHAR",
				"length":"200",
				"nullable":"false",
				"primaryKey":"false"
			},
			{
				"name":"FIRED_TIME",
				"type":"BIGINT",
				"length":"0",
				"nullable":"false",
				"primaryKey":"false"
			},
			{
				"name":"PRIORITY",
				"type":"INTEGER",
				"length":"0",
				"nullable":"false",
				"primaryKey":"false"
			},
			{
				"name":"STATE",
				"type":"VARCHAR",
				"length":"16",
				"nullable":"false",
				"primaryKey":"false"
			},
			{
				"name":"JOB_NAME",
				"type":"VARCHAR",
				"length":"200",
				"nullable":"true",
				"primaryKey":"false"
			},
			{
				"name":"JOB_GROUP",
				"type":"VARCHAR",
				"length":"200",
				"nullable":"true",
				"primaryKey":"false"
			},
			{
				"name":"IS_NONCONCURRENT",
				"type":"VARCHAR",
				"length":"5",
				"nullable":"true",
				"primaryKey":"false"
			},
			{
				"name":"REQUESTS_RECOVERY",
				"type":"VARCHAR",
				"length":"5",
				"nullable":"true",
				"primaryKey":"false"
			}
		],
	"constraints": {
		"primaryKey": {
			"columns": ["SCHED_NAME","ENTRY_ID"]
		}
	}
}
