{
	"name": "QUARTZ_CALENDARS",
	"type": "TABLE",
	"columns":
		[
			{
				"name":"SCHED_NAME",
				"type":"VARCHAR",
				"length":"120",
				"nullable":"false",
				"primaryKey":"false"
			},
			{
				"name":"CALENDAR_NAME",
				"type":"VARCHAR",
				"length":"200",
				"nullable":"false",
				"primaryKey":"false"
			},
			{
				"name":"CALENDAR",
				"type":"BLOB",
				"length":"0",
				"nullable":"false",
				"primaryKey":"false"
			}
		],
	"constraints": {
		"primaryKey": {
			"columns": ["SCHED_NAME","CALENDAR_NAME"]
		}
	}
}
