<?xml version="1.0" encoding="UTF-8"?>

<!DOCTYPE module PUBLIC
    "-//Puppy Crawl//DTD Check Configuration 1.3//EN"
    "http://www.puppycrawl.com/dtds/configuration_1_3.dtd">

<module name="Checker">
  <property name="severity" value="error" />

  <!--module name="Header">
    <property name="headerFile" value="${checkstyle.header.file}" />
    <message key="header.missing" value="Source file missing Quartz license header" />
    <message key="header.mismatch" value="Quartz license header mismatch" />
  </module-->

  <module name="FileTabCharacter" />

  <module name="TreeWalker">
    <module name="FileContentsHolder"/>   
  </module>
  
  <module name="SuppressionCommentFilter">
      <property name="offCommentFormat" value="CHECKSTYLE_OFF\: ([\w\|]+)"/>
      <property name="onCommentFormat" value="CHECKSTYLE_ON\: ([\w\|]+)"/>
      <property name="checkFormat" value="$1"/>
  </module>
</module>

